Entity,Year,Deaths - Household air pollution from solid fuels 
China,2017,15.8036408
India,2017,51.0274395
Indonesia,2017,36.49701995
Japan,2017,0.026306511
Malaysia,2017,2.190019631
Philippines,2017,70.18225729
Singapore,2017,0.035673999
South Korea,2017,0.015175744
Thailand,2017,6.704581833
Vietnam,2017,25.63626388
